{"stats":{"minecraft:custom":{"minecraft:time_since_rest":190,"minecraft:open_chest":1,"minecraft:sprint_one_cm":4092,"minecraft:play_time":2346,"minecraft:walk_one_cm":2509,"minecraft:damage_taken":20,"minecraft:deaths":1,"minecraft:jump":13,"minecraft:leave_game":2,"minecraft:time_since_death":152,"minecraft:total_world_time":2346,"minecraft:fly_one_cm":2305,"minecraft:fall_one_cm":673},"minecraft:mined":{"minecraft:chest":1,"minecraft:torch":4},"minecraft:picked_up":{"minecraft:stick":11,"minecraft:apple":3,"minecraft:stone_axe":1,"minecraft:torch":8,"minecraft:stone_pickaxe":1,"minecraft:spruce_log":1,"minecraft:chest":2,"minecraft:oak_planks":7,"minecraft:mangrove_log":2},"minecraft:used":{"minecraft:stone_axe":5}},"DataVersion":3953}