{
  "vanillatweaks:root": {
    "criteria": {
      "tick": "2024-06-01 22:09:11 +0000"
    },
    "done": true
  },
  "vanillatweaks:timber": {
    "criteria": {
      "tick": "2024-06-01 22:09:11 +0000"
    },
    "done": true
  },
  "vanillatweaks:treasure_gems": {
    "criteria": {
      "tick": "2024-06-01 22:09:11 +0000"
    },
    "done": true
  },
  "vanillatweaks:multiplayer_sleep": {
    "criteria": {
      "tick": "2024-06-01 22:09:11 +0000"
    },
    "done": true
  },
  "minecraft:recipes/decorations/crafting_table": {
    "criteria": {
      "unlock_right_away": "2024-06-01 22:09:11 +0000"
    },
    "done": true
  },
  "minecraft:adventure/adventuring_time": {
    "criteria": {
      "minecraft:forest": "2024-06-01 22:09:12 +0000"
    },
    "done": false
  },
  "vanillatweaks:double_shulker_shells": {
    "criteria": {
      "tick": "2024-06-01 22:09:11 +0000"
    },
    "done": true
  },
  "vanillatweaks:elevators": {
    "criteria": {
      "tick": "2024-06-01 22:09:11 +0000"
    },
    "done": true
  },
  "vanillatweaks:graves": {
    "criteria": {
      "tick": "2024-06-01 22:09:11 +0000"
    },
    "done": true
  },
  "DataVersion": 3465
}